,Normal,Suspect,Pathological,accuracy,macro avg,weighted avg
precision,0.956140350877193,0.8888888888888888,0.9,0.9436619718309859,0.9150097465886939,0.9422150838755731
recall,0.9819819819819819,0.75,0.9310344827586207,0.9436619718309859,0.8876721549135342,0.9436619718309859
f1-score,0.9688888888888889,0.8135593220338982,0.9152542372881356,0.9436619718309859,0.899234149403641,0.9419018063181348
support,333.0,64.0,29.0,0.9436619718309859,426.0,426.0
